Běchovice,Praha
Benice,Praha
Bohnice,Praha
Braník,Praha
Břevnov,Praha
Březiněves,Praha
Bubeneč,Praha
Čakovice,Praha
Černý Most,Praha
Čimice,Praha
Ďáblice,Praha
Dejvice,Praha
Dolní Chabry,Praha
Dolní Měcholupy,Praha
Dolní Počernice,Praha
Dubeč,Praha
Háje,Praha
Hájek u Uhříněvsi,Praha
Hloubětín,Praha
Hlubočepy,Praha
Hodkovičky,Praha
Holešovice,Praha
Holyně,Praha
Horní Měcholupy,Praha
Horní Počernice,Praha
Hostavice,Praha
Hostivař,Praha
Hradčany,Praha
Hrdlořezy,Praha
Chodov,Praha
Cholupice,Praha
Jinonice,Praha
Josefov,Praha
Kamýk,Praha
Karlín,Praha
Kbely,Praha
Klánovice,Praha
Kobylisy,Praha
Koloděje,Praha
Kolovraty,Praha
Komořany,Praha
Košíře,Praha
Královice,Praha
Krč,Praha
Křeslice,Praha
Kunratice,Praha
Kyje,Praha
Lahovice,Praha
Letňany,Praha
Lhotka,Praha
Libeň,Praha
Liboc,Praha
Libuš,Praha
Lipany,Praha
Lipence,Praha
Lochkov,Praha
Lysolaje,Praha
Malá Chuchle,Praha
Malá Strana,Praha
Malešice,Praha
Michle,Praha
Miškovice,Praha
Modřany,Praha
Motol,Praha
Nebušice,Praha
Nedvězí u Říčan,Praha
Nové Město,Praha
Nusle,Praha
Petrovice,Praha
Písnice,Praha
Pitkovice,Praha
Podolí,Praha
Prosek,Praha
Přední Kopanina,Praha
Radlice,Praha
Radotín,Praha
Ruzyně,Praha
Řeporyje,Praha
Řepy,Praha
Satalice,Praha
Sedlec,Praha
Slivenec,Praha
Smíchov,Praha
Sobín,Praha
Staré Město,Praha
Stodůlky,Praha
Strašnice,Praha
Střešovice,Praha
Střížkov,Praha
Suchdol,Praha
Šeberov,Praha
Štěrboholy,Praha
Točná,Praha
Troja,Praha
Třebonice,Praha
Třeboradice,Praha
Uhříněves,Praha
Újezd nad Lesy,Praha
Újezd u Průhonic,Praha
Veleslavín,Praha
Velká Chuchle,Praha
Vinohrady,Praha
Vinoř,Praha
Vokovice,Praha
Vršovice,Praha
Vysočany,Praha
Vyšehrad,Praha
Záběhlice,Praha
Zadní Kopanina,Praha
Zbraslav,Praha
Zličín,Praha
Žižkov,Praha
